Category,Feature
Core Features,Empathetic conversation engine
Core Features,24/7 availability
Core Features,Crisis detection and response
Core Features,Mood tracking and analytics
Core Features,Personalized recommendations
Therapeutic Techniques,Cognitive Behavioral Therapy (CBT) modules
Therapeutic Techniques,Mindfulness and meditation guidance
Therapeutic Techniques,Breathing exercises
Therapeutic Techniques,Stress management tools
Therapeutic Techniques,Coping strategy suggestions
User Experience,Intuitive chat interface
User Experience,Voice input support
User Experience,Customizable personality
User Experience,Progress visualization
User Experience,Gamification elements
Safety & Privacy,End-to-end encryption
Safety & Privacy,Anonymous usage option
Safety & Privacy,HIPAA compliance
Safety & Privacy,Data minimization
Safety & Privacy,User consent management
Integration & Connectivity,Emergency service integration
Integration & Connectivity,Healthcare provider connectivity
Integration & Connectivity,Wearable device integration
Integration & Connectivity,Calendar and reminder system
Integration & Connectivity,Resource library access
